Timestamp,Your Full Name,Your Email,What is your WhatsApp number (including country code)?,Your Country,What is your highest educational qualification? ,Your Company Name,Your Designation/ Department,Which CIPS level are you interested in?,How many years of professional experience do you have?  
1/23/2026 2:49:51,Abubakarr bangura,banguraabubakarr747@gmail.com,+23299392751,Sierra Leone ,Yes,Activa international insurance ,Account ,CIPS Level 6 – Professional Diploma in Procurement & Supply (Requires completion of Level 5),
1/23/2026 21:36:17,Ahmed Yahye Yusuf ,Yaayayare123@gmail.com,+252618856288,Somalia ,Yes,SRCS,Community worker,CIPS Level 2- Certificate in Procurement and Supply Operations,
1/24/2026 13:20:16,Malvern Mazire ,mmazire@gmail.com,00263712160315,Zimbabwe ,Yes,Self sponsored ,Supply Chain Supervisor ,"Level-4 - Diploma In Procurement & Supply (Requires a Bachelor’s degree, or Level 3, or 2 years of work experience)",
1/24/2026 15:33:53,Mohammad Jawad Behzad ,jawadbehzad040@gmail.com,+93729716698,Afghanistan,Yes,JIA,Pharmacy ,"Level-4 - Diploma In Procurement & Supply (Requires a Bachelor’s degree, or Level 3, or 2 years of work experience)",
2/14/2026 12:25:53,Aisha Bashiir Ahmed,aishabashiir43@gmail.com,616004538,Somalia  mugdisha ,Yes,,,CIPS Level 2- Certificate in Procurement and Supply Operations,
2/14/2026 14:29:01,JESREEL WITA ,witajes4@gmail.com ,675 72789683,Papua New Guinea ,No,No company name ,Subsistence farming in Agricultural sector ,"Level-4 - Diploma In Procurement & Supply (Requires a Bachelor’s degree, or Level 3, or 2 years of work experience)",
2/14/2026 16:45:53,Maryan dahir mohamed,Missmaniishainadaahir@gmail.com,+252617036092,Somalia,Yes,Hawa asir mch ,Antanatel care,"Level-4 - Diploma In Procurement & Supply (Requires a Bachelor’s degree, or Level 3, or 2 years of work experience)",
2/14/2026 17:44:01,Kamaal mushaf,Kamaalmushaf6545@gmail.com ,+252613299718,Somaali,Yes,Pangsalaam,Xasan sheekh,CIPS Level 5 – Advanced Diploma in Procurement & Supply (Requires completion of Level 4),
2/14/2026 17:49:59,Paul Goldstein Beecher ,bee,+23278881517,Moyamba Junction ,Yes,Harvard Wales Organization Sierra Leone,CEO/Proprietor ,"Level-4 - Diploma In Procurement & Supply (Requires a Bachelor’s degree, or Level 3, or 2 years of work experience)",
2/15/2026 2:00:18,Ibrahim ,nune9831@gmail.com,+252615429105,Somalia ,Yes,Tijaabo,IT ,CIPS Level 2- Certificate in Procurement and Supply Operations,
2/20/2026 23:19:18,Ishmam Jawad,ishmam.jawad@gmail.com,+8801774824846,Bangladesh,Yes,Kloud Project Limited,Jr. Supply Chain Executive,CIPS Level 2- Certificate in Procurement and Supply Operations,
2/26/2026 15:33:21,GIBRILLA KAMARA ,kamaragibrilla959@gmail.com ,+23279274486,SIERRA LEONE ,Yes,UNIVERSITY OF MAKENI ,PROCUREMENT LOGISTICS AND SUPPLY CHAIN MANAGEMENT ,"Level-4 - Diploma In Procurement & Supply (Requires a Bachelor’s degree, or Level 3, or 2 years of work experience)",
3/3/2026 11:43:37,Galoy Tungwar Kueiguong,galoy2013@gmail.com,+211927599990,South sudan,Yes,MSF holland,Operation ,"Level-4 - Diploma In Procurement & Supply (Requires a Bachelor’s degree, or Level 3, or 2 years of work experience)",
3/3/2026 12:03:35,Santino Deng Wour Piok ,dengwour@gmail.com,+211928932394,South Sudan ,No,Government ,Assistant Director of Pension ,"Level-4 - Diploma In Procurement & Supply (Requires a Bachelor’s degree, or Level 3, or 2 years of work experience)",
3/4/2026 10:03:47,Peter Kasare Liah ,liahpeter4@gmail.com ,+211916500900,South Sudan ,Yes,Samaritan's Purse International ,Administration ,CIPS Level 3- Advanced Certificate in Procurement and Supply Operations,
3/4/2026 10:27:46,Baz Ali,bazali771@gmail.com,+93774481331,afgha,Yes,Education ,Growe  ,CIPS Level 2- Certificate in Procurement and Supply Operations,
3/6/2026 17:27:44,GIBRILLA KAMARA ,kamaragibrilla959@gmail.com,+23279274486,Sierra Leone ,Yes,ACCESS BANK SIERRA LEONE LIMITED ,RELATIONSHIP OFFICER ,"Level-4 - Diploma In Procurement & Supply (Requires a Bachelor’s degree, or Level 3, or 2 years of work experience)",
3/8/2026 10:44:01,HAMAD  FATURMA ,Hamadf@gmail.com ,+224625809212,Guinee ,No,Non,Just finished Senior secondary school ,"Level-4 - Diploma In Procurement & Supply (Requires a Bachelor’s degree, or Level 3, or 2 years of work experience)",
3/8/2026 23:52:50,Muhyadiin barre hassan,Muhyadiinbare@gmail.com ,0252659227019,Somalia special somaliland ,Yes,Muhyadiin  shop,Smile restaurant ,"Level-4 - Diploma In Procurement & Supply (Requires a Bachelor’s degree, or Level 3, or 2 years of work experience)",
3/9/2026 0:13:02,Muhyadiin  barre,Muhyadiinbare@gmail.com ,0659227019,Somalia ,No,Self-employed ,Student ,CIPS Level 2- Certificate in Procurement and Supply Operations,
3/9/2026 1:31:16,Emmanuel Vougar Jr,realemanv@gmail.com,231881880287,Liberia ,Yes,Liberia Maritime Authority ,Procurement ,"Level-4 - Diploma In Procurement & Supply (Requires a Bachelor’s degree, or Level 3, or 2 years of work experience)",
3/10/2026 23:29:56,Janatkhan Muslimyar,janatkhan562@gmail.com,+93(0)776811053,Afghanistan,Yes,Alokozay,Patan,CIPS Level 3- Advanced Certificate in Procurement and Supply Operations,
3/12/2026 12:17:19,Tani Santino,santinotani@gmail.com,+211922848425,South sudan,Yes,N/A,Procurement and logistics ,"Level-4 - Diploma In Procurement & Supply (Requires a Bachelor’s degree, or Level 3, or 2 years of work experience)",
3/13/2026 13:48:51,Kalie Tamba sesay ,kalietambasesay@gmail.com,+23279373924,Sierra Leone ,Yes,I'm not working now ,Bachelor of education in community development studies/Agriculture ,CIPS Level 2- Certificate in Procurement and Supply Operations,
3/13/2026 14:44:21,ESTHER FATU SERRY,serryestherfatu@gmail.com,+23231321327,SIERRA LEONE ,No,I DON’T HAVE ,,"Level-4 - Diploma In Procurement & Supply (Requires a Bachelor’s degree, or Level 3, or 2 years of work experience)",
3/15/2026 19:55:34,Blessing Memunatu Conteh ,Blessingconteh400@gmail.com,+23272 438683 ,Sierra Leone,No,,,"Level-4 - Diploma In Procurement & Supply (Requires a Bachelor’s degree, or Level 3, or 2 years of work experience)",
3/24/2026 12:33:31,GALOY TUNGWAR KUEIGUONG,galoy2013@gmail.com,+211927599990,South Sudan,No,MSF,Project Coordinator Support,"Level-4 - Diploma In Procurement & Supply (Requires a Bachelor’s degree, or Level 3, or 2 years of work experience)",
3/25/2026 0:21:40,Shah Jaasia,jaasiashah2001@gmail.com,+8801831797069,Bangladesh ,No,Clipping World ,Marketing ,"Level-4 - Diploma In Procurement & Supply (Requires a Bachelor’s degree, or Level 3, or 2 years of work experience)",
4/4/2026 22:03:16,MOHAMED HERSI FARAH ,asqalaani89@gmail.com,+211923700084,South Sudan,Yes,Falcon Forex Bureau PLC,Manager,CIPS Level 2- Certificate in Procurement and Supply Operations,
4/4/2026 23:15:28,Abdirisak Hussein abdi ,foodcade2413@gmail.com,252 (63) 4142413,Somalia ,No,DAHABSHIL BANK ,Senior Admin officer and driver ,"Level-4 - Diploma In Procurement & Supply (Requires a Bachelor’s degree, or Level 3, or 2 years of work experience)",
4/4/2026 23:17:10,Samiullah Rahmani,smemba2019@gmail.com,0093702010823,Afghanistan,Yes,,,"Level-4 - Diploma In Procurement & Supply (Requires a Bachelor’s degree, or Level 3, or 2 years of work experience)",
4/5/2026 10:56:37,Deng Deng Tong,dengandrea2026@gmail.com,+211926097656,South Sudan,No,Arech Group,Data Clerk,"Level-4 - Diploma In Procurement & Supply (Requires a Bachelor’s degree, or Level 3, or 2 years of work experience)",
4/5/2026 20:07:49,Alphonso Dada Sesay,alphonsodadasesay@gmail.com,+231886369514,Liberia,Yes,Liberia Revenue Authority,General Services Department,"Level-4 - Diploma In Procurement & Supply (Requires a Bachelor’s degree, or Level 3, or 2 years of work experience)",
4/5/2026 21:31:54,Md Saiful Islam,sahaf4x@gmail.com ,01713084982,Bangladesh,Yes,Saif Associates & Engineering ,CEO ,CIPS Level 2- Certificate in Procurement and Supply Operations,
4/5/2026 22:29:16,Mandela Chan Gatluak ,mandelacnyawechdomach@gmail.com,0925450042,South Sudan ,Yes,Måñdélâ's Çõmpàñy ,Development of organization ,CIPS Level 2- Certificate in Procurement and Supply Operations,
4/21/2026 20:29:54,MD.Shahidul Islam,dmfrshahidul@gmail.com,+8801617076534,Bangladesh ,Yes,International Medical College Hospital ,Manager - Supply Chain Management ,CIPS Level 2- Certificate in Procurement and Supply Operations,
4/5/2026 23:17:28,Zakir,zakirrps@gmail.com,01723151430,Bangladesh ,Yes,RFL,Manager ,CIPS Level 6 – Professional Diploma in Procurement & Supply (Requires completion of Level 5),
4/6/2026 8:03:44,Manish Adhikari,manish.adhikari@jdlnepal.com,+977 9851031000,Nepal,Yes,JGI,Sr. Corporate officer,"Level-4 - Diploma In Procurement & Supply (Requires a Bachelor’s degree, or Level 3, or 2 years of work experience)",
4/22/2026 13:17:31,Jubair Alam,zubair.jitu@gmail.com,01911915756,Bangladesh,Yes,East West University ,HR& Logistics,"Level-4 - Diploma In Procurement & Supply (Requires a Bachelor’s degree, or Level 3, or 2 years of work experience)",
4/7/2026 0:04:05,Omer Eid Qalonbi,omarqalonbi@gmail.com,+252634402504,Somaliland ,Yes,Horn Governance Solutions- HGS ,Governance Department ,CIPS Level 6 – Professional Diploma in Procurement & Supply (Requires completion of Level 5),
4/7/2026 2:07:28,Adjap Ebendeng Olouman Jean-Marie ,olouman63@gmail.com,+237699943193,Cameroon ,Yes,UNHCR ,Supply Section ,"Level-4 - Diploma In Procurement & Supply (Requires a Bachelor’s degree, or Level 3, or 2 years of work experience)",
4/7/2026 18:59:36,James Bol ,jamesbol907@gmail.com,+211915112114,South Sudan ,Yes,National ministry of health ,National Immunization program (EPI),"Level-4 - Diploma In Procurement & Supply (Requires a Bachelor’s degree, or Level 3, or 2 years of work experience)",
4/8/2026 15:23:47,Chol kon monybuny.,cholkonmonybuny@gmail.com,+211918661059,South Sudan.,No,Aging ,Diploma in procurement and supply.,"Level-4 - Diploma In Procurement & Supply (Requires a Bachelor’s degree, or Level 3, or 2 years of work experience)",
4/8/2026 23:09:06,Maslah Salad mohamud,qiyaasqaate4@gmail.com,+252615791597,Somalia ,Yes,Student ,Bachelor degree ,CIPS Level 2- Certificate in Procurement and Supply Operations,
4/9/2026 15:20:05,Abdurahman abid ,Abdurahmanabid053@gmail.com,+93774872774,Afghanistan ,No,I dont have any company,No,CIPS Level 6 – Professional Diploma in Procurement & Supply (Requires completion of Level 5),
4/9/2026 16:12:50,Mohamed Hamza Kamara,kamaramohamedhamza68@gmail.com,+23273737123,Sierra Leone,Yes,Sierra Leone ,Bsc Procurement ,"Level-4 - Diploma In Procurement & Supply (Requires a Bachelor’s degree, or Level 3, or 2 years of work experience)",
4/9/2026 17:19:05,Darlington mahoi ,dm22056@my.acm.ac.uk,+23288002021,Sierra Leone,No,,,CIPS Level 5 – Advanced Diploma in Procurement & Supply (Requires completion of Level 4),
4/10/2026 22:00:51,Lokudu Lesuk Lemi ,lesuklokudu@gmail.com,+211,South Susan ,Yes,MSF,Supply ,"Level-4 - Diploma In Procurement & Supply (Requires a Bachelor’s degree, or Level 3, or 2 years of work experience)",
4/13/2026 12:38:15,Michael Turay,michaelturay95@gmail.com,+23299271373,Sierra Leone ,Yes,Movement Towards Peace and Development Agency Sierra Leone ,Supply chain officer ,"Level-4 - Diploma In Procurement & Supply (Requires a Bachelor’s degree, or Level 3, or 2 years of work experience)",
4/13/2026 15:09:44,Jacob Toe Daykeay ,jdaykeay@yahoo.com,±231777305251,Liberia,Yes,Monrovia City Corporation (MCC),Procurement ,"Level-4 - Diploma In Procurement & Supply (Requires a Bachelor’s degree, or Level 3, or 2 years of work experience)",
4/14/2026 3:56:20,BEATRICE OWUSU-ASANTE ,beatriceowusuasante@gmail.com,0244257061,Ghana,Yes,Weija Gbawe Municipal Education Office,Procurement officer,CIPS Level 5 – Advanced Diploma in Procurement & Supply (Requires completion of Level 4),
4/15/2026 14:05:34,Michael Turay,michaelturay95@gmail.com,+23299271373,Sierra Leone ,Yes,Movement Towards Peace and Development Agency Sierra Leone ,Supply Chain Officer ,"Level-4 - Diploma In Procurement & Supply (Requires a Bachelor’s degree, or Level 3, or 2 years of work experience)",
4/15/2026 21:08:03,Alusine A Sillah ,Sillahalusinea2@gmail.com,+23275335223,Sierra leone 🇸🇱 ,Yes,,,CIPS Level 2- Certificate in Procurement and Supply Operations,
4/16/2026 14:24:23,Tibi Isaac Abbas ,abbas1peace@gmail.com,+211923280590,South Sudan,Yes,Samaritans' purse ,Procurement Officer ,"Level-4 - Diploma In Procurement & Supply (Requires a Bachelor’s degree, or Level 3, or 2 years of work experience)",
4/16/2026 20:07:54,Gassimu Massaquoi,gassimumassaquoi0@gmail.com,+232 79642468,Sierra Leone ,No,Student ,Carfey center,CIPS Level 2- Certificate in Procurement and Supply Operations,
4/18/2026 21:56:41,Shaid Hasan ,sshaid876@gmail.com,+8801738025206,Dhaka Bangladesh ,Yes,SQUARE TEXTILE DIVISION ,Executive (SCM),CIPS Level 2- Certificate in Procurement and Supply Operations,
4/20/2026 11:42:12,Rahin Intesar ,rahinintesar@iut-dhaka.edu,8801750554483,Bangladesh,Yes,Super Star Group ,Supply Chain Executive ,"Level-4 - Diploma In Procurement & Supply (Requires a Bachelor’s degree, or Level 3, or 2 years of work experience)",
4/20/2026 12:44:14,S M Ferdous ,ferdous.sm021@gmail.com,+8801555020880,Bangladesh,Yes,,,"Level-4 - Diploma In Procurement & Supply (Requires a Bachelor’s degree, or Level 3, or 2 years of work experience)",
4/20/2026 14:31:02,Eyaya,eyayaguade@gmail.com,251915759373,Ethiopia,Yes,Educationoffice,English,CIPS Level 6 – Professional Diploma in Procurement & Supply (Requires completion of Level 5),
4/20/2026 14:41:28,Edmund Wisdom Kemual Kebbie ,edmundkemualwkebbie70607@gmail.com,+23299347186,Sierra Leone ,Yes,Njala University ,Agribusiness Management ,"Level-4 - Diploma In Procurement & Supply (Requires a Bachelor’s degree, or Level 3, or 2 years of work experience)",
4/20/2026 15:38:47,abdullah al maruf,maruf456@gmail.com,+8801774954970,Bangladesh,Yes,Korea Exim Bank,Senior ODA Project Coordinator,CIPS Level 6 – Professional Diploma in Procurement & Supply (Requires completion of Level 5),
4/20/2026 15:57:41,Endale Mammo,emamo604@gmail.com,0913298128,Ethiopia ,Yes,RVU,Business management ,CIPS Level 6 – Professional Diploma in Procurement & Supply (Requires completion of Level 5),
4/20/2026 16:42:30,𝑱𝒐𝒏,𝑱𝒐𝒏𝒂𝒕𝒉𝒂𝒏 𝑰. 𝑮𝒓𝒂𝒚 𝒋𝒓,231887841721,𝑳𝒊𝒃𝒆𝒓𝒊𝒂,No,,,CIPS Level 2- Certificate in Procurement and Supply Operations,
4/20/2026 17:26:22,Abubakarr Chernor Jalloh ,jallohbakarrchernor91@gmail.com,+23279400412,Sierra Leone ,Yes,TSC,IT Support,CIPS Level 6 – Professional Diploma in Procurement & Supply (Requires completion of Level 5),
4/20/2026 20:12:42,Tong Malou Tong Tong ,rushdy.abaza8@gmail.com,+211981194248,South Sudan ,Yes,,,CIPS Level 3- Advanced Certificate in Procurement and Supply Operations,
4/21/2026 0:29:13,Lincoln Njue Ireri ,Irerilincoln726@gmail.com,+254728497243,Kenya ,Yes,Copia kenya ,ASSISTANT Receiving supervisor ,"Level-4 - Diploma In Procurement & Supply (Requires a Bachelor’s degree, or Level 3, or 2 years of work experience)",
4/21/2026 13:29:15,AL ,jubaiair@gmail.com,+8801795909396,Bangladesh ,Yes,AKG,Purchase ,"Level-4 - Diploma In Procurement & Supply (Requires a Bachelor’s degree, or Level 3, or 2 years of work experience)",
4/21/2026 14:03:01,Berhanegebriel  Chane ,Chaneberhane69@gmail.com ,+251-0913644395,Ethiopia 🇪🇹 ,Yes,Now not in working ,Accounting and finance  and  HRM,"Level-4 - Diploma In Procurement & Supply (Requires a Bachelor’s degree, or Level 3, or 2 years of work experience)",
4/21/2026 22:17:52,mafutaaarmando03@gmail.com ,mafutaarmando03@gmail.com,+258860061812,Mozambican ,Yes,No ,No ,CIPS Level 6 – Professional Diploma in Procurement & Supply (Requires completion of Level 5),
4/22/2026 8:52:37,Misbah Ebrahim Ahmede,misbahia913@gmail.com,Misbah Ebrahim Ahmede,Ethiopia,Yes,Financing,Banking and Finance,"Level-4 - Diploma In Procurement & Supply (Requires a Bachelor’s degree, or Level 3, or 2 years of work experience)",
4/22/2026 12:55:28,Simon GAI Luoy ,simongai2018@gmail.com,+212915543755,South Sudan,Yes,World Food Programme,Logistics ,"Level-4 - Diploma In Procurement & Supply (Requires a Bachelor’s degree, or Level 3, or 2 years of work experience)",
4/22/2026 16:23:33,Mohamed sembu kamara ,mohamedsembukamara40@gmail.com,+23288875301,Sierra Leone ,No,,,"Level-4 - Diploma In Procurement & Supply (Requires a Bachelor’s degree, or Level 3, or 2 years of work experience)",
4/22/2026 16:26:03,Mohamed sembu kamara ,mohamedsembukamara40@gmail.com,+23288875201,Sierra Leone ,No,Eastern technical university ,Health information management system ,"Level-4 - Diploma In Procurement & Supply (Requires a Bachelor’s degree, or Level 3, or 2 years of work experience)",
4/22/2026 16:27:24,𝑱𝒐𝒏𝒂𝒕𝒉𝒂𝒏 𝑰. 𝑮𝒓𝒂𝒚 𝑱𝒓,𝑱𝒐𝒏𝒂𝒕𝒉𝒂𝒏𝒊𝒈𝒓𝒂𝒚𝒋𝒓5@𝒈𝒎𝒂𝒊𝒍.𝒄𝒐𝒎,+231887841721,"𝑳𝒊𝒃𝒆𝒓𝒊𝒂, 𝑴𝒐𝒏𝒓𝒐𝒗𝒊𝒂",No,𝑵𝒐𝒕 𝒚𝒆𝒕 ,𝑴𝒂𝒓𝒌𝒆𝒕𝒊𝒏𝒈,CIPS Level 3- Advanced Certificate in Procurement and Supply Operations,
4/23/2026 8:58:04,ANINDO Ghosh ,anindghosh206@gmail.com,01952610357,Bangladesh ,Yes,,,CIPS Level 6 – Professional Diploma in Procurement & Supply (Requires completion of Level 5),
4/26/2026 3:59:11,Mohammed Adem Omer,mohammedademumer0942@gmail.com,0976396018,Ethiopia,Yes,Afran Kello College,Accounting and Finance,CIPS Level 5 – Advanced Diploma in Procurement & Supply (Requires completion of Level 4),
4/26/2026 5:19:59,Gemechu bushura barisa,Gemechubushura33@gmail.com,+251,+251912382364,Yes,Sher ethiopia hospital,OUT PATIENT department,CIPS Level 6 – Professional Diploma in Procurement & Supply (Requires completion of Level 5),
4/26/2026 16:30:53,Agnes Yongai,yongaiagnes374@gmail.com,080160492,Sierra Leone ,Yes,,,CIPS Level 3- Advanced Certificate in Procurement and Supply Operations,
4/26/2026 16:38:54,Apdulahi saciid ali ,Cabdulahisaciidali@gmail.com,+252613495615,London ,Yes,Business ,Yes,CIPS Level 2- Certificate in Procurement and Supply Operations,
4/26/2026 19:58:04,Gaynen omod ogud ,Jitagaynen95@gmail.com,0917546337,Ethiopia ,Yes,Gambella University ,Management ,CIPS Level 6 – Professional Diploma in Procurement & Supply (Requires completion of Level 5),
4/26/2026 23:53:05,Tewodros Seifu,tewodrosseifu84@gmail.com,+251912312299,Ethiopa,Yes,Ethiopian costruction auhtority,Water engeeri,CIPS Level 6 – Professional Diploma in Procurement & Supply (Requires completion of Level 5),
4/27/2026 14:53:30,Sewa Conteh,contehSewaSimbo@gmail.com,+232 76166719,Sierra Leone ,Yes,Charismatic enterprise ,Sales,"Level-4 - Diploma In Procurement & Supply (Requires a Bachelor’s degree, or Level 3, or 2 years of work experience)",
4/27/2026 16:37:50,Ojja James Iddi Kulusika ,omonyi@gmail.com,+211922285068,South Sudan ,Yes,,Procurement and Logistic ,"Level-4 - Diploma In Procurement & Supply (Requires a Bachelor’s degree, or Level 3, or 2 years of work experience)",
4/28/2026 11:30:51,Baccus M Wiah Sr.,wiahbaccus@yahoo.com,+231886655332,Liberia ,Yes,Liberia Natural Produce Incorporated ,Administration ,"Level-4 - Diploma In Procurement & Supply (Requires a Bachelor’s degree, or Level 3, or 2 years of work experience)",
4/28/2026 14:00:57,Alexis j.ziamah,jallahziamah005@gmail.com,0776461951,Liberia ,No,Messiah mission institute ,Paynesville Monrovia Liberia ,CIPS Level 2- Certificate in Procurement and Supply Operations,
4/28/2026 15:16:01,GATTIEK Gattot Gatluak ,leegattiek@gmail.com,+211927555117,South Sudan 🇸🇸 ,Yes,None ,Cashier ,"Level-4 - Diploma In Procurement & Supply (Requires a Bachelor’s degree, or Level 3, or 2 years of work experience)",
4/28/2026 16:18:43,Robert F Soko ,sokorobertf@gmail.com,Liberia,Liberia,No,Pacifist Initiative Education Programs ,Senior Management ,CIPS Level 3- Advanced Certificate in Procurement and Supply Operations,
4/28/2026 16:23:00,GATTIEK Gattot Gatluak ,Leegattiek@gmail.com,+211927555117,South Sudan ,Yes,GS cooperative food Store,Cashier ,"Level-4 - Diploma In Procurement & Supply (Requires a Bachelor’s degree, or Level 3, or 2 years of work experience)",
4/28/2026 17:21:00,Shaka Sesay,shaka.sesay2017@gmail.com,+23279569322,Sierra Leone,Yes,Food and Agriculture Organization (FAO),Assistant FAO Representative (Administration),"Level-4 - Diploma In Procurement & Supply (Requires a Bachelor’s degree, or Level 3, or 2 years of work experience)",
4/28/2026 20:53:31,Abdul Mohamed Kamara ,abdulmkamara04@gmail.com,+23278344181,Sierra Leone 🇸🇱 ,Yes,Bah Success Syndicate ,Coordinator ,"Level-4 - Diploma In Procurement & Supply (Requires a Bachelor’s degree, or Level 3, or 2 years of work experience)",
4/29/2026 12:59:19,Seynab ali,Seynabcalifarax222@gmail.com,614411747,rhigifhfgddfdyd8d,Yes,,,"Level-4 - Diploma In Procurement & Supply (Requires a Bachelor’s degree, or Level 3, or 2 years of work experience)",
4/30/2026 16:44:26,Terefe Ashenafi Amaro ,tarf3141@gmail.com,0943208193,Ethiopia ,Yes,No,Master program ,"Level-4 - Diploma In Procurement & Supply (Requires a Bachelor’s degree, or Level 3, or 2 years of work experience)",
5/2/2026 16:19:01,Abdul Raman Kamara ,abdulrkamara@hotmail.com,+23278777302,Sierra Leone,Yes,Bank of Sierra Leone ,Currency Management Department ,CIPS Level 2- Certificate in Procurement and Supply Operations,
5/2/2026 17:55:32,Dawit Darcho Asale,dawitdarcho1@gmail.com,+251 973532945,Ethiopia,Yes,World Vision Ethiopia ,Social ,"Level-4 - Diploma In Procurement & Supply (Requires a Bachelor’s degree, or Level 3, or 2 years of work experience)",
5/2/2026 20:36:22,Simon Gai Luoy Toang,simongai2018@gmail.com,+211915543755,South Sudan,Yes,World Food Programme ,Logistics ,"Level-4 - Diploma In Procurement & Supply (Requires a Bachelor’s degree, or Level 3, or 2 years of work experience)",
5/3/2026 19:52:57,Isaiah Pessima ,theophiluspessima@gmail.com,+23275389350,Sierra Leone ,Yes,,,"Level-4 - Diploma In Procurement & Supply (Requires a Bachelor’s degree, or Level 3, or 2 years of work experience)",
5/4/2026 1:08:35,Mahmood Alphamaju Jalloh ,majofficial83@gmail.com,+23276747859,Sierra Leone ,Yes,Blama Gas Station Ltd ,Manager,"Level-4 - Diploma In Procurement & Supply (Requires a Bachelor’s degree, or Level 3, or 2 years of work experience)",
5/4/2026 1:13:21,Jamel Franxis ,jamelfrancis92@gmail.com,+231 886446892,Liberia ,Yes,Conservation International Liberia ,Operations ,CIPS Level 3- Advanced Certificate in Procurement and Supply Operations,
5/4/2026 3:12:19,MUSTAPHA TOYESE SALAWU ,toyesemustapha@yahoo.com ,+234 805 424 9414,NIGERIA ,Yes,JOF NIG. LTD.,"HEAD,  SUPPLY CHAIN ",CIPS Level 2- Certificate in Procurement and Supply Operations,
5/4/2026 3:25:05,Emmanuel Moinina Farma ,emmanuelfarma@ymail.com,+23276897544,Sierra Leone ,Yes,Easy Solar ,Supply Chain ,CIPS Level 6 – Professional Diploma in Procurement & Supply (Requires completion of Level 5),
5/4/2026 6:03:53,James Koiva Senesie ,jksenesie@etusl.edu.sl,+23288999132,Sierra Leone,Yes,Eastern Technical University of Sierra Leone ,"Food Science, Security and Consemer Studies ",CIPS Level 2- Certificate in Procurement and Supply Operations,
5/4/2026 15:08:45,Victor Kallon ,victorkallon@gmail.com,+232 78118993,Sierra Leone ,No,Not employed ,victorkallon@gmail.com,CIPS Level 2- Certificate in Procurement and Supply Operations,
5/5/2026 1:48:43,Brima Kanneh,brimakanneh96@gmail.com,+23277009208,Sierra Leone ,Yes,Sierra Leone civil aviation authorities ,Aeronautical information services ,CIPS Level 2- Certificate in Procurement and Supply Operations,
5/5/2026 4:33:47,Isaac Oladele ,Hiihoohoo@gmail.com ,2348160717828,Nigeria ,Yes,Civil service ,Procurement ,"Level-4 - Diploma In Procurement & Supply (Requires a Bachelor’s degree, or Level 3, or 2 years of work experience)",
5/5/2026 11:16:45,Ibrahim Parlo Santho Conteh,Ibrahimparloc@gmail.com,+23276692121,Sierra Leone ,No,Africa Global Logistics ,Logistics officer ,CIPS Level 5 – Advanced Diploma in Procurement & Supply (Requires completion of Level 4),
5/5/2026 19:31:06,Ishmael sesay,Successsesay1904@gmail.com,+23274353497,+232,No,,,CIPS Level 3- Advanced Certificate in Procurement and Supply Operations,
5/5/2026 19:58:01,Mariama Bah,Mjbah0910@gmail.com,+23276959207,Sierra Leone,Yes,Rise Radio 96.3 FM,Station manager ,"Level-4 - Diploma In Procurement & Supply (Requires a Bachelor’s degree, or Level 3, or 2 years of work experience)",
5/5/2026 21:46:26,ALHAJI KARGBO,alhajiinfo10@gmail.com,+23276446620,Sierra Leone,Yes,Crowe Sierra Leone,Audit,CIPS Level 3- Advanced Certificate in Procurement and Supply Operations,
5/5/2026 21:55:22,Isha Bernadette Bah,bernadetteibah@gmail.com,079848029,Sierra Leone ,Yes,,,CIPS Level 5 – Advanced Diploma in Procurement & Supply (Requires completion of Level 4),
5/5/2026 23:25:00,Amara Koroma ,amarakoroma1997@gmail.com,+23277495584,Sierra Leone ,Yes,Africell Sierra Leone ,Human Resource and Operations Officer ,CIPS Level 2- Certificate in Procurement and Supply Operations,
5/6/2026 3:42:30,Mohamed M. Yanka,myankes07@gmail.com,+23290103025,Sierra Leone ,Yes,,,CIPS Level 3- Advanced Certificate in Procurement and Supply Operations,
5/6/2026 3:59:38,Magdalene Peters ,remilekunofori@gmail.com,+23278150150,Sierra Leone ,Yes,Felicity Solar Technology SL Ltd,Director Business Development & projects,CIPS Level 6 – Professional Diploma in Procurement & Supply (Requires completion of Level 5),
5/6/2026 4:04:30,Emmanuel Bangura ,banguraemmanuel175@gmail.com,+23276822203,Sierra Leone ,Yes,"Ministry Of Health, Sierra Leone ",CHO/Ministry Of Health,CIPS Level 6 – Professional Diploma in Procurement & Supply (Requires completion of Level 5),
5/6/2026 16:02:36,Wilfred Carpenter,s.wilfredcarpenter@yahoo.com,+231886994536,Liberia,Yes,,,"Level-4 - Diploma In Procurement & Supply (Requires a Bachelor’s degree, or Level 3, or 2 years of work experience)",
5/6/2026 23:33:25,Othello G. Yahnquee ,othelloyahnquee@gmail.com,0886796206,Liberia ,Yes,Trinity Construction Inc. ,Civil Engineer ,CIPS Level 6 – Professional Diploma in Procurement & Supply (Requires completion of Level 5),
5/7/2026 16:58:43,JAMIRU ABDUL SAIDU ,abduljamirusaidu15@gmail.com,+23274334769,Sierra Leone ,Yes, Nyanga's Enterprise ,Auditor ,"Level-4 - Diploma In Procurement & Supply (Requires a Bachelor’s degree, or Level 3, or 2 years of work experience)",
5/7/2026 17:01:15,Joseph Malike Conteh,josephmalikeconteh@gmail.com,080980146,Sierra Leone,Yes,University of Makeni,Lecturer,CIPS Level 2- Certificate in Procurement and Supply Operations,
5/8/2026 3:43:48,J Maxwell Taylor Jr ,maxwelltaylor021@gmail.com,+231775150830,Liberia ,Yes,,,CIPS Level 2- Certificate in Procurement and Supply Operations,
5/8/2026 4:39:29,Mariam l lamin,Laminmariaml625@gmail.com,23273248598,Sierra Leone ,No,The foodbly,Procurement ,"Level-4 - Diploma In Procurement & Supply (Requires a Bachelor’s degree, or Level 3, or 2 years of work experience)",
5/8/2026 18:23:40,Christian Fitzgerald Dee,Christiandee2000@gmail.com,+231555821119,Liberia,No,Moniprix ,International Relations ,CIPS Level 2- Certificate in Procurement and Supply Operations,
5/8/2026 20:32:13,John kargbo,Johnceokargbo88@gmail.com,+23277725536,Sierra Leone ,Yes,Not yet working ,Procurement logistics and supply chain management ,CIPS Level 2- Certificate in Procurement and Supply Operations,
5/8/2026 20:36:08,John Kargbo ,Johnceokargbo88gmail.com,+23277725536,Sierra Leone ,Yes,Not yet working ,Procurement logistics and supply chain management ,"Level-4 - Diploma In Procurement & Supply (Requires a Bachelor’s degree, or Level 3, or 2 years of work experience)",
5/8/2026 21:11:58,Daniel G Zleh ,danielzleh2016@gmail.com,+212669656741,Liberia ,Yes,,,"Level-4 - Diploma In Procurement & Supply (Requires a Bachelor’s degree, or Level 3, or 2 years of work experience)",
5/8/2026 21:12:08,Daniel G Zleh ,danielzleh2016@gmail.com,+212669656741,Liberia ,Yes,,,"Level-4 - Diploma In Procurement & Supply (Requires a Bachelor’s degree, or Level 3, or 2 years of work experience)",
5/8/2026 22:22:46,Alimamy Kargbo ,kargboalimamy64@gmail.com,+23288959433,Sierra Leone ,Yes,Not yet working ,,"Level-4 - Diploma In Procurement & Supply (Requires a Bachelor’s degree, or Level 3, or 2 years of work experience)",
5/9/2026 10:51:04,Yusifu Bubato Kamara,yusifubutatokamara646@gmail.com,+23288679776,Sierra Leone West Africa ,No,Mai Nation ,,"Level-4 - Diploma In Procurement & Supply (Requires a Bachelor’s degree, or Level 3, or 2 years of work experience)",
5/9/2026 12:19:26,CHERNOR OUSMANE SHOUR ,mchernorousmane73@gmail.com,+23279111146,Sierra Leone ,Yes,Electricity Distribution and Supply Authority ,Distribution/Operations ,"Level-4 - Diploma In Procurement & Supply (Requires a Bachelor’s degree, or Level 3, or 2 years of work experience)",
5/9/2026 13:38:09,Natasha Tjiuti Meroro ,tjiutikatjiuanjo52@gmail.com,+264817255144,Namibia ,Yes,Min of Agriculture ,DWSSC ,"Level-4 - Diploma In Procurement & Supply (Requires a Bachelor’s degree, or Level 3, or 2 years of work experience)",
5/9/2026 14:41:10,Sally alsadig Ibrahim ,Sallymohammed099@gmail.com,002499999331701,Sudan,Yes,,,CIPS Level 6 – Professional Diploma in Procurement & Supply (Requires completion of Level 5),
5/9/2026 20:18:34,S.M.NOOR-E-ALAM SIDDIQUE,n.alamsdz51@gmail.com,01714042284,Bangladesh ,Yes,Quality Auto Rice Mill Ltd,Deputy Sales Manager ,CIPS Level 2- Certificate in Procurement and Supply Operations,
5/9/2026 20:52:16,O'Neill Wleh Seongbae ,oneillseongbae3@gmail.com,0880697661,Liberia ,Yes,Not working ,Procurement ,CIPS Level 6 – Professional Diploma in Procurement & Supply (Requires completion of Level 5),
5/9/2026 23:59:28,Saimo Omias Kortu,saimolove@yahoo.com,+231778281623,LIBERIA,Yes,Armed Forces of Liberia,Logistics ,"Level-4 - Diploma In Procurement & Supply (Requires a Bachelor’s degree, or Level 3, or 2 years of work experience)",
5/10/2026 2:03:18,Samson Ebhodaghe ,segodday4life@gmail.com,+2348084733352,Nigeria ,Yes,FBN ,Head customer service ,CIPS Level 5 – Advanced Diploma in Procurement & Supply (Requires completion of Level 4),
5/10/2026 7:59:39,Momodu Sumaila Jr.,momodusumaila1@gmail.com,+23231319125,Sierra Leone,Yes,National Herbarium Njala University ,Biological Sciences ,"Level-4 - Diploma In Procurement & Supply (Requires a Bachelor’s degree, or Level 3, or 2 years of work experience)",
5/12/2026 12:56:40,Augustine sandy ,Sandytamba98@gmail.com,+23231027500,Sierra leone ,Yes,Access bank ,Procurement officer ,"Level-4 - Diploma In Procurement & Supply (Requires a Bachelor’s degree, or Level 3, or 2 years of work experience)",
5/13/2026 6:05:16,Hassan David kamara ,foday777camara@gmail.com,+232 33615658,Sierra leone,No,Cips,nursing,"Level-4 - Diploma In Procurement & Supply (Requires a Bachelor’s degree, or Level 3, or 2 years of work experience)",
5/13/2026 6:08:52,Hassan David kamara,foday577camara@gmail.com,+23233615658,Sierra Leone,No,CIPS company,nursing,"Level-4 - Diploma In Procurement & Supply (Requires a Bachelor’s degree, or Level 3, or 2 years of work experience)",
5/13/2026 7:26:11,Joel T. Kamara,joelkamara2019@gmail.com,+23279404477,Sierra Leone,Yes,JTK digital Press and Bureau ,Computer Science ,"Level-4 - Diploma In Procurement & Supply (Requires a Bachelor’s degree, or Level 3, or 2 years of work experience)",
5/13/2026 12:56:35,Claudius Koiva Zorokong ,claudiuskoivaz@gmail.com,+23276660447,Sierra Leone,No,Build logic ,Site supervisor ,CIPS Level 2- Certificate in Procurement and Supply Operations,
5/16/2026 15:50:41,RUBEN ,rubenhajah@gmail.com,+21192601004,South Sudan ,Yes,CAPITAL INTERNATIONAL ,,CIPS Level 6 – Professional Diploma in Procurement & Supply (Requires completion of Level 5),
5/16/2026 16:34:44,Lucky Edejoro ,sedejoro@gmail.com,08028299223,Nigeria ,Yes,The redeemed Christian Church of God ,Senior pastor ,CIPS Level 5 – Advanced Diploma in Procurement & Supply (Requires completion of Level 4),
5/17/2026 12:32:47,Gray G Thompson ,graythompson717@gmail.com,+231888422933,Liberia ,Yes,Bezeele-Turkey Company (BTC),Procurement and supply operations ,CIPS Level 2- Certificate in Procurement and Supply Operations,
5/17/2026 13:52:55,Andreas Gideon ,andrew@western.com.na ,264815542456,Namibia ,No,Western Enterprises ,Sales,CIPS Level 3- Advanced Certificate in Procurement and Supply Operations,
5/17/2026 14:05:13,Davidson T. Bulleh,davidsonbulleh@gmail.com,+231880289054,Liberia,Yes,Foya Borma Hospital,Pharmacy,CIPS Level 3- Advanced Certificate in Procurement and Supply Operations,
5/17/2026 18:56:39,Salihu Lawan ,sanisalihulawal@gmail.com,+2348105161064,Nigeria ,Yes,Federal Neuropsychiatric Hospital Dawanau ,Scientific officer ,"Level-4 - Diploma In Procurement & Supply (Requires a Bachelor’s degree, or Level 3, or 2 years of work experience)",
5/17/2026 21:41:23,Thok philip Anyuon Atem ,thokphilipanyuon@gmail.com,+211929225551,South Sudan ,Yes,Thok General Trading  (TGT),Procurement and logistic supervisor ,CIPS Level 2- Certificate in Procurement and Supply Operations,
5/18/2026 0:38:00,Santhigie Samuel Sesay ,santhigies@gmail.com,+23278943611,Sierra Leone ,Yes,MEDICAL AND DENTAL COUNCIL OF SIERRA LEONE ,ADMINISTRATION ,"Level-4 - Diploma In Procurement & Supply (Requires a Bachelor’s degree, or Level 3, or 2 years of work experience)",
5/18/2026 0:53:58,Deng Kuol Deng ,Dengmakuoldeng@gmail.com,0922192222,South Sudan ,Yes,Community Network Agency ,Program ,CIPS Level 2- Certificate in Procurement and Supply Operations,
5/18/2026 10:26:53,Nwankpa Emeka martins ,jachi.kester@gmail.com,+2348032857536,Nigeria ,Yes,Peak shipping Agency ,Operation / Shipping Manager ,"Level-4 - Diploma In Procurement & Supply (Requires a Bachelor’s degree, or Level 3, or 2 years of work experience)",
5/18/2026 12:53:32,Bernadette Felicity Stephen ,akamai0909@gmail.com,+2348034538084,Nigeria ,Yes,Malaria Consortium ,Field Officer ,CIPS Level 5 – Advanced Diploma in Procurement & Supply (Requires completion of Level 4),
5/18/2026 21:08:38,Naftal Shilikwafeni ,naftalshilikwafeni@gmail.com,264816834362,Namibia ,Yes,Standard bank,Team leader Teller,CIPS Level 2- Certificate in Procurement and Supply Operations,
5/18/2026 21:54:34,Rajaram Shah,shahraj5786@gmail.ckm,9861772365,Nepal,Yes,Prime ceramics pvt. Ltd.,Manager,CIPS Level 2- Certificate in Procurement and Supply Operations,
5/19/2026 16:36:32,Bernadette Felicity Stephen ,akamai0909@gmail.com,+2348034538084,Nigeria ,Yes,Malaria Consortium ,Logistics Officer ,CIPS Level 5 – Advanced Diploma in Procurement & Supply (Requires completion of Level 4),
5/19/2026 17:15:46,Abdul Rahman A. Kamara,kamaraaraak@gmail.com,+23278978386,Sierra Leone,Yes,Ministry of Health,Procurement Department,"Level-4 - Diploma In Procurement & Supply (Requires a Bachelor’s degree, or Level 3, or 2 years of work experience)",
5/23/2026 11:22:43,KPALUKWU CHIMENE ,kpalukwu.chimene@gmail.com,8030572398,NIGERIA ,Yes,SEVENUP BOTTLING COMPANY LTD,PROCUREMENT OFFICER,"Level-4 - Diploma In Procurement & Supply (Requires a Bachelor’s degree, or Level 3, or 2 years of work experience)",
5/26/2026 14:19:01,Andy mudiangomba,andy.mudiangombe@gmail.com,+243822298467,D R CONGO,Yes,,,"Level-4 - Diploma In Procurement & Supply (Requires a Bachelor’s degree, or Level 3, or 2 years of work experience)",
5/27/2026 22:34:14,Natasha Tjiuti Meroro,tjiutikatjiuanjo52@gmail.com,+264817255144,Namibia,Yes,Ministry  Of Agriculture,Water Affairs,"Level-4 - Diploma In Procurement & Supply (Requires a Bachelor’s degree, or Level 3, or 2 years of work experience)",
6/2/2026 4:16:37,Chemere  charko Halala,chemerecharko3@gmail.com,+251913767067,Ethiopia,Yes,Education office /English teacher ,English language  and literature ,"Level-4 - Diploma In Procurement & Supply (Requires a Bachelor’s degree, or Level 3, or 2 years of work experience)",
6/2/2026 4:20:34,Chemere charko Halala,chemerecharko3@gmail.com,+251913767067,Ethiopia,Yes,Teacher of English in gove school ,Language andliterature ,"Level-4 - Diploma In Procurement & Supply (Requires a Bachelor’s degree, or Level 3, or 2 years of work experience)",
6/6/2026 13:41:27,Usman Abubakar yaro,othmanmaijamaa86@gmail.com,08067699568,Nigeria,Yes,Bali ,purchesing and supply,CIPS Level 5 – Advanced Diploma in Procurement & Supply (Requires completion of Level 4),
6/11/2026 1:06:55,Efremfon Bassey Bakuyai,abakuyai@yahoo.com,+2348061907572,Nigeria,Yes,PPC Limited ,Procurement Specialist ,"Level-4 - Diploma In Procurement & Supply (Requires a Bachelor’s degree, or Level 3, or 2 years of work experience)",
6/11/2026 9:44:57,Ojuko Tosin,oojuko@matnafoods.com,+2348064697081,Nigeria,Yes,Matna foods company limited,Procurement manager,CIPS Level 5 – Advanced Diploma in Procurement & Supply (Requires completion of Level 4),
6/11/2026 17:49:18,Raymond Agberebi,raymond.agberebi.ra@gmail.com,+2347041291691,Nigeria ,Yes,Port and Terminal Multiservice Limited ,Shipping Clerk ,CIPS Level 6 – Professional Diploma in Procurement & Supply (Requires completion of Level 5),
6/11/2026 19:07:08,Ijeoma Victoria Ukpabi ,askijay@gmail.com ,+2348063266506,Nigeria,Yes,Jaymas Edge ,Procurement ,"Level-4 - Diploma In Procurement & Supply (Requires a Bachelor’s degree, or Level 3, or 2 years of work experience)",
6/12/2026 1:03:50,Okere Celestina chinyere ,ogecell2005@yahoo.com,+238037239551,Nigeria ,Yes,Celefrank nig LTD ,CEO ,CIPS Level 6 – Professional Diploma in Procurement & Supply (Requires completion of Level 5),
6/12/2026 1:04:37,Yakubu Isa Adamu ,Yakubuisaadamu@gmail.com,+2348080658868,Nigeria ,Yes,Médecins Sans Frontières MSF Belgium Maiduguri ,Supply chain,"Level-4 - Diploma In Procurement & Supply (Requires a Bachelor’s degree, or Level 3, or 2 years of work experience)",
6/12/2026 5:21:11,Musa Peter Moigua ,Moiguamusap3@gmail.com,+23279421393,Sierra Leone ,Yes,,,CIPS Level 2- Certificate in Procurement and Supply Operations,
6/12/2026 5:33:32,Sidiratu Marie Conteh ,Sidiratuconteh139@gmail.com,+232 73721923,Sierra Leone,Yes,,,CIPS Level 2- Certificate in Procurement and Supply Operations,
6/12/2026 14:16:05,Nyakno Sunday Umoette ,NyaknoUmoette@yahoo.com,+2348061346632,Nigeria ,Yes,African Star Energy Services Limited ,Procurement and Logistics Coordinator ,CIPS Level 2- Certificate in Procurement and Supply Operations,
6/12/2026 15:15:09,Elizabeth Kadie Kenneh ,elizabethkadiekenneh1@gmail.com,+23275150848,Sierra Leone ,Yes,,,CIPS Level 2- Certificate in Procurement and Supply Operations,
6/12/2026 15:24:53,Elizabeth Kadie Kenneh ,elizabethkadiekenneh1@gmail.com,(+232) 75150848,Sierra Leone ,Yes,,,CIPS Level 2- Certificate in Procurement and Supply Operations,
6/12/2026 22:24:45,Alfred Bangura ,banguraalfred83@gmail.com,+23273041595,SIERRA LEONE ,Yes,NOT CURRENTLY EMPLOYED ,GRADUATE - PROCUREMENT LOGISTICS AND SUPPLY CHAIN MANAGEMENT ,CIPS Level 3- Advanced Certificate in Procurement and Supply Operations,
6/12/2026 23:26:43,Simon Shanum Sylvester ,simonshanum1@gmail.com,+2349029214160,Nigeria ,Yes,Samban Global Service ,General manager ,"Level-4 - Diploma In Procurement & Supply (Requires a Bachelor’s degree, or Level 3, or 2 years of work experience)",
6/12/2026 23:29:43,Nynea Kollie,knynea@gmail.com,0886003804,Liberia ,Yes,National Port Authority ,Procurement ,CIPS Level 3- Advanced Certificate in Procurement and Supply Operations,
6/12/2026 23:49:43,Miven Muchabaiwa,movenmuchabaiwa@gmail.com,+243972766978,Democratic Republic of Congo,Yes,Gocongo Enterprises,Warehouse Manager,"Level-4 - Diploma In Procurement & Supply (Requires a Bachelor’s degree, or Level 3, or 2 years of work experience)",
6/13/2026 2:46:48,Virginia Beukes,veerebe24@gmail.com ,+264813929028,Namibia ,No,Unemployed ,,"Level-4 - Diploma In Procurement & Supply (Requires a Bachelor’s degree, or Level 3, or 2 years of work experience)",
6/13/2026 7:01:52,Adejoke Adeloye Oyeniran ,aadepearl@gmail.com,+2347065513389,Nigeria ,Yes,Ade Adeloye,Procurement and logistics ,CIPS Level 2- Certificate in Procurement and Supply Operations,
6/13/2026 18:23:27,Muhammad Bello Haris,hariseconomist@gmail.com,+2348034209178,Nigeria ,Yes,Federal Government of Nigeria ,Senior Procurement Officer,CIPS Level 2- Certificate in Procurement and Supply Operations,
6/13/2026 20:05:17,ONWORDI KESTON OGOCHUKWU ,keston.onwordi@gmail.com,07032944212,Nigeria ,Yes,Kesworld Logistics ,LOGISTICS ,CIPS Level 2- Certificate in Procurement and Supply Operations,
6/14/2026 4:32:49,jeremiah dibie,dibiejeremiah@gmail.com,09062903305,Nigeria ,Yes,Red Star Express ,Operation coordinator/EDS/DSS,CIPS Level 5 – Advanced Diploma in Procurement & Supply (Requires completion of Level 4),
6/14/2026 5:57:14,Guillaume Mpoyi Mukadi ,Guillaume.mpoyi@aol.com,+243814444244,Democratic republic if the congo ,Yes,,,CIPS Level 6 – Professional Diploma in Procurement & Supply (Requires completion of Level 5),
6/14/2026 10:20:01,Adeoye Adefisayo Olufemi ,adeoyeolufemi79@gmail.com,+2348028272908,Nigeria ,Yes,Amo Byng Nigeria Limited ,Procurement Manager ,"Level-4 - Diploma In Procurement & Supply (Requires a Bachelor’s degree, or Level 3, or 2 years of work experience)",
6/14/2026 13:18:57,Morris Borlay ,borlaymorris89@gmail.com,+231776628867,Liberia ,Yes,N/A,Procurement and Logistic,CIPS Level 2- Certificate in Procurement and Supply Operations,
6/14/2026 14:22:24,Victor Adomako Apraku,aprakuvictor0@gmail.com,+233247876784,Ghana ,Yes,School final year ,Logistics and transport management ,"Level-4 - Diploma In Procurement & Supply (Requires a Bachelor’s degree, or Level 3, or 2 years of work experience)",
6/14/2026 14:32:04,Ado Malle Abdullahi,adomalle400@gmail.com,+2348034735491,Nigeria,Yes,Dizango Ventures,Business development manager,"Level-4 - Diploma In Procurement & Supply (Requires a Bachelor’s degree, or Level 3, or 2 years of work experience)",
6/14/2026 15:39:29,Ekeziem Sonny Ikenna ,sekeziem3@gmail.com,08034220798,Nigeria,Yes,Lafarge Huaxin Cement Plc,Dispatch manager Operations ,"Level-4 - Diploma In Procurement & Supply (Requires a Bachelor’s degree, or Level 3, or 2 years of work experience)",
6/14/2026 15:46:41,Basiru Mohammed Bello,basirumohammedbello900@gmail.com,+2347083210227,Nigeria,Yes,Public Complaints Commission,Principal Admin Officer/Administration,CIPS Level 6 – Professional Diploma in Procurement & Supply (Requires completion of Level 5),
6/15/2026 6:54:17,Richard Idun,richardidun9@gmail.com,+233 0242209173,Ghana,Yes,Jobyco Poultry Farm,Administration/ Procurement,"Level-4 - Diploma In Procurement & Supply (Requires a Bachelor’s degree, or Level 3, or 2 years of work experience)",
6/15/2026 17:35:23,Jacob Gomes ,jacobgomes@hotmail.com ,8801721245809,Bangladesh ,Yes,FGG,Purchase and procurement,CIPS Level 2- Certificate in Procurement and Supply Operations,
6/15/2026 18:34:51,Richard Lawyer Ato Amoah,amoahrichardlawyer@gmail.com,+233-245812411,Ghana ,Yes,Silver and Gold Hospitality,amoahrichardlawyer@gmail.com,"Level-4 - Diploma In Procurement & Supply (Requires a Bachelor’s degree, or Level 3, or 2 years of work experience)",
6/16/2026 3:13:38,Damilola Catherine Kolade ,katrines920@gmail.com,+2348188070527,Nigeria ,Yes,KATRINE WATAER ENTERPRISE ,Business Owner/ Operations Manager ,CIPS Level 5 – Advanced Diploma in Procurement & Supply (Requires completion of Level 4),
6/16/2026 5:17:14,Maxwell ,macdonydestiny@gmail.com,+233557210499,Ghana ,Yes,,,"Level-4 - Diploma In Procurement & Supply (Requires a Bachelor’s degree, or Level 3, or 2 years of work experience)",
6/16/2026 5:48:25,Amrit Kumar Pradhan ,akpdhmail@gmail.com,9841 68 78 04 ,Nepal ,Yes,,,CIPS Level 2- Certificate in Procurement and Supply Operations,
6/16/2026 16:06:32,Jane Ebiere Peters,jayjayaaron16@gmail.com,+2347069789781,Nigeria,Yes,Western Development Company Ltd,Permit Coordinator/Operations,"Level-4 - Diploma In Procurement & Supply (Requires a Bachelor’s degree, or Level 3, or 2 years of work experience)",
6/16/2026 16:34:52,Abass Jalloh ,abassjah2007@gmail.com,+23276766488,Sierra Leone ,Yes,Ministry of Transport and Aviation ,Procurement Officer ,"Level-4 - Diploma In Procurement & Supply (Requires a Bachelor’s degree, or Level 3, or 2 years of work experience)",
6/16/2026 16:37:16,Abass Jalloh ,abassjah2007@gmail.com,+23276766488,Sierra Leone ,Yes,Ministry of Transport and Aviation ,Procurement Officer ,"Level-4 - Diploma In Procurement & Supply (Requires a Bachelor’s degree, or Level 3, or 2 years of work experience)",
6/16/2026 17:16:48,OJO SAMUEL ISAAC ,isaacojosamuel25@gmail.com,+2348149052068,Nigeria,Yes,Orobiwinigbinosa global ventures ,CEO,"Level-4 - Diploma In Procurement & Supply (Requires a Bachelor’s degree, or Level 3, or 2 years of work experience)",
6/16/2026 20:36:00,Mesumbe Mbine Wilkie,mesumbewilkie@gmail.com,(+237) 675083128,Cameroon,Yes,KARCH LTD,Storekeeper,CIPS Level 5 – Advanced Diploma in Procurement & Supply (Requires completion of Level 4),
6/16/2026 20:40:01,Mesumbe Mbine Wilkie,mesumbewilkie4@gmail.com,(237) 675083128,Cameroon,Yes,DULUX COLOUR CENTER,Storekeeper,CIPS Level 5 – Advanced Diploma in Procurement & Supply (Requires completion of Level 4),
6/16/2026 23:06:15,Lawrence Bobby Noah,lawrencenoah.brandlance@gmail.com,0778663656,Liberia ,Yes,Kisvan Timber Corporation ,Warehouse ,CIPS Level 6 – Professional Diploma in Procurement & Supply (Requires completion of Level 5),
6/17/2026 1:46:59,Felicity Anafu,felicityanafu85@gmail.com,0546654209,Ghana,Yes,Korle Bu Teaching Hospital ,Procurement Manager ,CIPS Level 5 – Advanced Diploma in Procurement & Supply (Requires completion of Level 4),
6/17/2026 1:55:09,Samuel Forson,sforson606@gmail.com,00233243140440,Ghana,Yes,Zenith bank Gh. Ltd,Admin,CIPS Level 2- Certificate in Procurement and Supply Operations,
6/17/2026 3:15:02,GODSPOWER ANAYE T.,godspoweranaye11@gmail.com,+2347074269207,Nigeria,Yes,Phed,Commercial ,CIPS Level 3- Advanced Certificate in Procurement and Supply Operations,
6/17/2026 8:10:54,Allen Jeremiah Kessi,allenkessi@gmail.com,+255715522240,Tanzania,Yes,Kilombero Sugar Company Ltd,Inventory Manager,"Level-4 - Diploma In Procurement & Supply (Requires a Bachelor’s degree, or Level 3, or 2 years of work experience)",
6/17/2026 12:25:07,Japhet Markus ,d.jerroh@gmail.com,+2348160161678,Nigeria ,Yes,Presco PLC ,Procurement Officer/Stores ,"Level-4 - Diploma In Procurement & Supply (Requires a Bachelor’s degree, or Level 3, or 2 years of work experience)",
6/17/2026 19:21:21,Karan Bahadur  Mor,kmkaranasl15@gmail.com,+9779848728941,Nepal,Yes,,,"Level-4 - Diploma In Procurement & Supply (Requires a Bachelor’s degree, or Level 3, or 2 years of work experience)",
6/18/2026 13:43:20,Emeziem Ignatius Chibuike ,chibuikemeziem@gmail.com,+2348146483292,Nigeria,Yes,Environmental Health Council of Nigeria ,Procurement Officer I/ Procurement ,"Level-4 - Diploma In Procurement & Supply (Requires a Bachelor’s degree, or Level 3, or 2 years of work experience)",
6/19/2026 22:47:25,Abdullahi Hamza ,Princehamzallah@googlemail.com,+2349019260249,Nigeria ,Yes,Presco Plc ,Procurement Assistance ,"Level-4 - Diploma In Procurement & Supply (Requires a Bachelor’s degree, or Level 3, or 2 years of work experience)",
6/19/2026 23:30:21,Onesmus Namholo,onesvilho@yahoo.com,+264816884426,Namibia,Yes,TransNamib ,Procurement and Warehouse ,CIPS Level 5 – Advanced Diploma in Procurement & Supply (Requires completion of Level 4),
6/20/2026 15:41:00,Darlington Mahoi ,dm22056@my.acm.ac.uk,+23288002021,Sierra Leone,No,,,CIPS Level 5 – Advanced Diploma in Procurement & Supply (Requires completion of Level 4),
6/20/2026 16:23:28,Andreas ,andreasgideon@outlook.com ,264815542456,Namibian ,No,Western Enterprises ,Buyer\sales,"Level-4 - Diploma In Procurement & Supply (Requires a Bachelor’s degree, or Level 3, or 2 years of work experience)",
6/21/2026 12:10:50,Sanusi Abdulmalik Muhammed,sunusiabdulmalikmuhammed@yahoo.com,+2348096866241,Nigeria,Yes,NutriK FZE,Supply Chain & Procurement,"Level-4 - Diploma In Procurement & Supply (Requires a Bachelor’s degree, or Level 3, or 2 years of work experience)",
6/22/2026 16:54:24,Otenil kwabena sarpong ,Kwabenasarpong395@gmail.com,0208953808,Ghana ,Yes,Akuaba footwear ,Stores,CIPS Level 6 – Professional Diploma in Procurement & Supply (Requires completion of Level 5),
6/22/2026 16:59:13,Otenil kwabena sarpong ,Kwabenasarpong395@gmail.com,+233557781091,Ghana,Yes,Akuaba footwear ,Stores,CIPS Level 5 – Advanced Diploma in Procurement & Supply (Requires completion of Level 4),
6/22/2026 17:45:57,Awotunde Adegoroye isaac ,adegoroyeawotunde@gmail.com,08075359037,Nigeria,Yes,Freshbite delight and pastries ,Dispatch officer,CIPS Level 2- Certificate in Procurement and Supply Operations,
6/23/2026 4:52:34,Kingsley Uchenna Okeke ,okekekingsley175@gmail.com,+2348137848733,Nigeria ,Yes,BCA,Transportation ,"Level-4 - Diploma In Procurement & Supply (Requires a Bachelor’s degree, or Level 3, or 2 years of work experience)",
6/25/2026 12:32:56,MOHAMMAD SHARIFUL ISLAM ,Islam2678@gmail.com,+8801764199811,Bangladesh ,Yes,Aman Feed Ltd ,DGM-PROCUREMENT ,"Level-4 - Diploma In Procurement & Supply (Requires a Bachelor’s degree, or Level 3, or 2 years of work experience)",
6/25/2026 22:10:46,Mesumbe Mbine Wilkie,mesumbewilkie@gmail.com,(237) 675083128,Cameroon,Yes,KARCH LTD,Storekeeper,"Level-4 - Diploma In Procurement & Supply (Requires a Bachelor’s degree, or Level 3, or 2 years of work experience)",
6/26/2026 19:40:28,ABASS JALLOH,abassjah2007@gmail.com,+23276766488,SIERRA LEONE,Yes,MINISTRY OF TRANSPORT,,"Level-4 - Diploma In Procurement & Supply (Requires a Bachelor’s degree, or Level 3, or 2 years of work experience)",
6/28/2026 12:41:22,Harris Saah Fokoe Tosah,harristosah@gmail.com,+231775819814,Liberia ,No,LIPO ,Program ,"Level-4 - Diploma In Procurement & Supply (Requires a Bachelor’s degree, or Level 3, or 2 years of work experience)",
7/1/2026 22:04:38,ALHAJI ISSA BANGURA,issaibnumar@gmail.com,+23278147310,Sierra Leone,Yes,Life Care Hospital,Procurement,CIPS Level 2- Certificate in Procurement and Supply Operations,
7/4/2026 22:04:45,Ezeh Kingsley ,impulsevenom92@gmail.com,+2348138998585,Nigeria ,Yes,"International centre for biotechnology, Nsukka",Procurement ,"Level-4 - Diploma In Procurement & Supply (Requires a Bachelor’s degree, or Level 3, or 2 years of work experience)",
7/5/2026 2:31:01,Bernadette Felicity Stephen,akamai0909@gmail.com,+2348034538084,Nigeria,Yes,Malaria Consortium,Logistics Officer,CIPS Level 5 – Advanced Diploma in Procurement & Supply (Requires completion of Level 4),
7/13/2026 21:27:49,MUKAILA OLALEKAN KAMALDEEN ,kamalrep18@gmail.com,08166068833,Nigeria,Yes,MATRIX ENERGY LTD,Procurement Officer ,CIPS Level 6 – Professional Diploma in Procurement & Supply (Requires completion of Level 5),
7/19/2026 14:51:43,Bol Michael Ter ,tearchakhook@gmail.com,+211918222622,South Sudan,Yes,IEngineering ,,"Level-4 - Diploma In Procurement & Supply (Requires a Bachelor’s degree, or Level 3, or 2 years of work experience)",
7/19/2026 20:08:47,Hassan Kabia ,hkabia42@gmail.com,+23276641535,Sierra Leone ,Yes,M.E. & C.S. Ltd.,Officer/Logistics and Procurement ,"Level-4 - Diploma In Procurement & Supply (Requires a Bachelor’s degree, or Level 3, or 2 years of work experience)",
7/20/2026 15:45:20,Puseletso Anacletta Ts'ilo ,tsiloanacletta@gmail.com,+266 69169293,Lesotho ,No,,Maseru ,CIPS Level 3- Advanced Certificate in Procurement and Supply Operations,
7/20/2026 17:22:19,Mohammed Keita ,Keitamohammed231@gmail.com ,0777315518,Liberia ,No,AML,Automotive mechanics ,"Level-4 - Diploma In Procurement & Supply (Requires a Bachelor’s degree, or Level 3, or 2 years of work experience)",
7/24/2026 12:15:58,JOK Biong Ador ,jokbiongador72@gmail.com,+211925537000,Sudan/ South Sudan (Abyei special Administrative Area) ,Yes,No company ,Diploma in Clinical Medicine and Community Health ,"Level-4 - Diploma In Procurement & Supply (Requires a Bachelor’s degree, or Level 3, or 2 years of work experience)",
7/28/2026 17:15:42,Keri Isaac ,kisaac2020@gmail.com,+211925095103,South sudan,Yes,Logistics link Ltd ,Operations ,"Level-4 - Diploma In Procurement & Supply (Requires a Bachelor’s degree, or Level 3, or 2 years of work experience)",
7/29/2026 17:24:16,John Mohamed sahr lebbie ,johnlebbie85@gmail.com,+23279911350,Sierra Leone West Africa ,Yes,World Bishop Council Federation (SL) Limited ,Electrical engineering ,CIPS Level 5 – Advanced Diploma in Procurement & Supply (Requires completion of Level 4),
7/30/2026 22:58:28,Bartholomew George Alie ,aliegeorgebartholomew@gmail.com,+23278787677,Sierra Leone ,Bachelor’s Degree,YMCA-SL,Volunteer ,"Level-4 - Diploma In Procurement & Supply (Requires a Bachelor’s degree, or Level 3, or 2 years of work experience)",1
8/1/2026 20:21:25,James Bol Chuol ,jamesbol907@gmail.com,+211922227269,South Sudan,Bachelor’s Degree,Ministry of Health,Pharmaceuticals ,"Level-4 - Diploma In Procurement & Supply (Requires a Bachelor’s degree, or Level 3, or 2 years of work experience)",10
8/3/2026 17:53:43,Warren Chabala Chibale ,chibalewarren@gmail.com,+260 966 016 609,Zambia ,Bachelor’s Degree,Sabot Zambia,Procurement and Stores ,CIPS Level 6 – Professional Diploma in Procurement & Supply (Requires completion of Level 5),16
8/8/2026 19:31:42, Bashir Mohammed,mbasheer530@gmail.com,+2348037123598,Nigeria,Bachelor’s Degree,Bureau of Public Procurement,Procurement Officer,CIPS Level 6 – Professional Diploma in Procurement & Supply (Requires completion of Level 5),10 Years
8/10/2026 16:22:28,Warren Chabala Chibale ,chibalewarren@gmail.com,+260966016609,Zambia,Bachelor’s Degree,Sabot Zambia ,Warehouse officer ,"Level-4 - Diploma In Procurement & Supply (Requires a Bachelor’s degree, or Level 3, or 2 years of work experience)",Above 15 Years 
8/12/2026 1:03:14,Victor chibuzo Okika,chibuzookika6@gmail.com,08064579229,Nigeria ,A-levels,Gibadi.com limited ,Logistics Officer ,CIPS Level 2- Certificate in Procurement and Supply Operations,3+
8/12/2026 14:04:27,Chapasi Chondoka ,Chondokapa5i@gmail.com,+260 978229916,Zambia ,Other,Ropasi Farms limited,Procurement Officer ,CIPS Level 5 – Advanced Diploma in Procurement & Supply (Requires completion of Level 4),5years 
8/19/2026 10:08:38,Mahdia Akter,mahdia.akhter@gmail.com,+8801784544235,Bangladesh,Bachelor’s Degree,Bank,Data Analyst,"Level-4 - Diploma In Procurement & Supply (Requires a Bachelor’s degree, or Level 3, or 2 years of work experience)",5
8/21/2026 19:14:44,Garang Bang Dut Nuer ,garangb341@gmail.com,+211925186000,South Sudan,High School,Manyier Company Limited,CEO and founder ,CIPS Level 2- Certificate in Procurement and Supply Operations,9
8/21/2026 20:18:21,Rodwell Mudzingwa,rodmudzingwa@gmail.com,+264774593862,Zimbabwe,Bachelor’s Degree,MSF,Supply Chain Officer,"Level-4 - Diploma In Procurement & Supply (Requires a Bachelor’s degree, or Level 3, or 2 years of work experience)",10+
8/22/2026 20:15:53,Garang Bang Dut Nuer ,garangb341@gmail.com,+211925186000,South Sudan,High School,Manyier Company Limited,CEO and founder ,"Level-4 - Diploma In Procurement & Supply (Requires a Bachelor’s degree, or Level 3, or 2 years of work experience)",9 years 
8/23/2026 23:09:46,Donald Mulumba Mihigo,Mihigodonald@gmail.com ,+243970133507,DR Congo ,Master’s Degree,Cellule Infrastructures ,Procurement ,"Level-4 - Diploma In Procurement & Supply (Requires a Bachelor’s degree, or Level 3, or 2 years of work experience)",Over 20
8/24/2026 17:46:54,Md. Arshad Ali,aali0323@gmail.com,±8801722936338,Bangladesh ,Master’s Degree,Square ,,"Level-4 - Diploma In Procurement & Supply (Requires a Bachelor’s degree, or Level 3, or 2 years of work experience)",
8/24/2026 23:50:50,Ms Mokwape Lorraine,LORRAINEMOKWAPE2@GMAIL.COM ,0606132790,South Africa ,A-levels,Virgo Chemicals PTY LTD,Procurement Manager ,"Level-4 - Diploma In Procurement & Supply (Requires a Bachelor’s degree, or Level 3, or 2 years of work experience)",12
8/25/2026 18:48:37,Bockarie Mansaray,bockariemansaray34@gmail.com,+23278173007,Sierra Leone,Bachelor’s Degree,Sierra Leone Water Company (SALWACO),Procurement Officer,"Level-4 - Diploma In Procurement & Supply (Requires a Bachelor’s degree, or Level 3, or 2 years of work experience)",Four (4) Years
8/27/2026 2:31:11,Sheka Sinneh Sesay ,shekases78@gmail.com,+23278224971/+23288880801,Sierra Leone ,Bachelor’s Degree,Ministry of works and public Assets ,Engineering Department ,"Level-4 - Diploma In Procurement & Supply (Requires a Bachelor’s degree, or Level 3, or 2 years of work experience)",Ten years 
8/27/2026 10:35:12,"Augustine S. Tamba, Sr.",astamba74@gmail.com,231886596815,Liberia,Master’s Degree,UNOPS,Procurement,"Level-4 - Diploma In Procurement & Supply (Requires a Bachelor’s degree, or Level 3, or 2 years of work experience)",14 years Plus
8/31/2026 17:51:29,"Obaoye, David Gbenga",davidobaoye@gmail.com,+234803647108,Nigeria,Master’s Degree,Simba Group,Head of Procurement,"Level-4 - Diploma In Procurement & Supply (Requires a Bachelor’s degree, or Level 3, or 2 years of work experience)",11
9/2/2026 16:52:01,Omotayo Oluwatosin Oluwafemi ,Omotayotosin21@gmail.com,+234 7012578081,Nigeria ,High School,Zoe store ,Zoe stores,CIPS Level 2- Certificate in Procurement and Supply Operations,1 year 
9/5/2026 3:31:49,ANYAMA CHARLES CLEMENT,canyama@yahoo.com,+211926244509,South,Bachelor’s Degree,Action Against Hunger-USA (ACF-USA),Logistics Manager,"Level-4 - Diploma In Procurement & Supply (Requires a Bachelor’s degree, or Level 3, or 2 years of work experience)",15
9/6/2026 0:53:27,Mahmood Abdulsalam,Mahmoodabdulsalam2@gmail.com,09166995727,Nigeria,Bachelor’s Degree,CWAY food and beverages ,Logistics supervisor ,CIPS Level 2- Certificate in Procurement and Supply Operations,4 years
9/6/2026 2:29:37,Hachalu Dugasa Deressa,hachalujc@gmail.com,±251913240304,Ethiopia,Master’s Degree,Addis Ababa city administration health bureau ,pharmaceuticals and medical devices supply and service ,"Level-4 - Diploma In Procurement & Supply (Requires a Bachelor’s degree, or Level 3, or 2 years of work experience)",15
9/6/2026 6:35:32,Adane Mathewos Mengesha,adanemathewos25@gmail.com,+251953919508,Ethiopia,Bachelor’s Degree,Ambo University ,Logistics and supply chain management,CIPS Level 3- Advanced Certificate in Procurement and Supply Operations,
9/6/2026 6:41:20,Mengistu Tefera Ayana ,etcustomscom@gmail.com,+251948863113,Ethiopia ,Master’s Degree,Ethiopian customs Commission ,Customs post clearance audit center ,CIPS Level 6 – Professional Diploma in Procurement & Supply (Requires completion of Level 5),23
9/6/2026 7:58:22,Isaiah Aduragbemi OPAYEMI ,Opayemieasy@gmail.com,+2348102661932,Nigeria ,Bachelor’s Degree,Handyware Industries Nigeria Limited ,Procurement and logistics Supervisor ,"Level-4 - Diploma In Procurement & Supply (Requires a Bachelor’s degree, or Level 3, or 2 years of work experience)",4years
9/6/2026 19:55:33,Md.Salimur Kabir,salimurkabir@gmail.com,01729398850,Bangladesh,Master’s Degree,Ventura Leatherware,Sr.Officer-Supply Chain Management,"Level-4 - Diploma In Procurement & Supply (Requires a Bachelor’s degree, or Level 3, or 2 years of work experience)",14
9/6/2026 21:44:55,Bereket Eyasu,berekete93@gmail.com,0911957512,Ethiopia ,Bachelor’s Degree,Spot Ethiopia yrading plc,pharmacy ,"Level-4 - Diploma In Procurement & Supply (Requires a Bachelor’s degree, or Level 3, or 2 years of work experience)",10
9/10/2026 17:45:41,AKPORIVI OGHOGHO JULIUS,oghoghomena@gmail.com,+2348030800403,Nigeria,A-levels,UUL SUPPLY CHAIN NIG LTD,FLEET ASSISTANCE,CIPS Level 5 – Advanced Diploma in Procurement & Supply (Requires completion of Level 4),5 YEARS
9/10/2026 21:25:04,Abu Sayem,sayemnobin20@gmail.com,+8801737760202,Bangladesh ,Master’s Degree,Nabil Group Of Industries ,Asst.Manager,CIPS Level 6 – Professional Diploma in Procurement & Supply (Requires completion of Level 5),3 years 
9/12/2026 16:07:51,Mashingaidze Tinozivei ,mashytinz@gmail.com,+263773434398,Zimbabwe,Master’s Degree,Ministry of Lands,Administration officer,"Level-4 - Diploma In Procurement & Supply (Requires a Bachelor’s degree, or Level 3, or 2 years of work experience)",17
9/12/2026 16:09:43,Mashingaidze Tinozivei ,mashytinz@gmail.com,+263773434398,Zimbabwe,Master’s Degree,Ministry of Lands,Administration officer ,"Level-4 - Diploma In Procurement & Supply (Requires a Bachelor’s degree, or Level 3, or 2 years of work experience)",17
9/17/2026 16:56:01,Ernest S kollie ,ernestkollie53@gmail.com,+231777792498,Liberia ,A-levels,No company ,No,CIPS Level 3- Advanced Certificate in Procurement and Supply Operations,Just student 
9/19/2026 15:28:41,Prince,princemwamba@protonmail.com,+260769592909,Zambia,Other,Marcopolo Tiles,Procurement,CIPS Level 2- Certificate in Procurement and Supply Operations,4
9/21/2026 16:50:12,Patricia Tuulikemanya Ndeilenga,patricia@kemanya.com,+264812048824,Namibia,High School,Kemanya Logistics & Freight Services Pty,Supply chain and Logistics Port oporations,CIPS Level 2- Certificate in Procurement and Supply Operations,12
9/24/2026 8:58:12,MD ZAKIR HOSSAIN,szakir2@gmail.com,+8801716213170,Bangladesh ,Master’s Degree,Bangladesh ,"Tax's Lawyers, Company's Law Practicener & Physiotherapist cum caregiver Professional ",CIPS Level 6 – Professional Diploma in Procurement & Supply (Requires completion of Level 5),20 Years
9/27/2026 22:55:33,Tinaishe Nyabonda ,nyabonda1999@gmail.com,+263787152809 ,ZIMBABWE ,Other,Muzuva resources pvt Ltd ,Procurement officer ,"Level-4 - Diploma In Procurement & Supply (Requires a Bachelor’s degree, or Level 3, or 2 years of work experience)",2yrs 
9/29/2026 16:49:00,Engdawork Berhanu Alemu,get.engdawork@gmail.com,+251 910029623,Ethiopia,Bachelor’s Degree,International Organization for Migration (IOM),Supply Chain Unit ,"Level-4 - Diploma In Procurement & Supply (Requires a Bachelor’s degree, or Level 3, or 2 years of work experience)",7 Years
10/2/2026 17:37:45,Sisay Dilasie Tsolike,alisusisu@gmail.com,+251-933278048,Ethiopia ,Master’s Degree,Kamba hiph school ,MBA,CIPS Level 6 – Professional Diploma in Procurement & Supply (Requires completion of Level 5),10 years teaching
10/4/2026 23:18:32,Habibur Rahman,habiburrahmanhr134@gmail.com,+8801303209422,Bangladesh,Master’s Degree,Orion Pharma,Senior Officer,CIPS Level 5 – Advanced Diploma in Procurement & Supply (Requires completion of Level 4),3 year
10/5/2026 11:20:55,Khot Kulang Yak ,khotkulangyakj89@gmail.com,+211912738000,South Sudan,Bachelor’s Degree,MSF,Logistics & Supply chain management ,"Level-4 - Diploma In Procurement & Supply (Requires a Bachelor’s degree, or Level 3, or 2 years of work experience)",Three years 
10/5/2026 17:36:38,Patricia Ndeilenga,patricia@kemanya.com,+264812048824,Namibia,Bachelor’s Degree,Kemanya Logistics and Freight & Services ,Operations,CIPS Level 6 – Professional Diploma in Procurement & Supply (Requires completion of Level 5),12
